Date Time,Active Power
18-Mar-2016 00:30:00,45.423361
18-Mar-2016 00:45:00,39.372121
18-Mar-2016 01:00:00,39.175832
18-Mar-2016 01:15:00,39.752875
18-Mar-2016 01:45:00,43.090036
18-Mar-2016 02:00:00,43.702849
18-Mar-2016 02:15:00,39.495935
18-Mar-2016 02:30:00,39.316018
18-Mar-2016 02:45:00,38.824896
18-Mar-2016 03:00:00,47.807006
18-Mar-2016 03:15:00,42.075629
18-Mar-2016 03:30:00,38.816715
18-Mar-2016 03:45:00,39.375191
18-Mar-2016 04:00:00,38.724555
18-Mar-2016 04:15:00,48.086464
18-Mar-2016 04:30:00,40.359865
18-Mar-2016 04:45:00,38.766061
18-Mar-2016 05:00:00,38.522719
18-Mar-2016 05:15:00,38.417601
18-Mar-2016 05:30:00,48.733295
18-Mar-2016 05:45:00,37.474552
18-Mar-2016 06:00:00,37.013946
18-Mar-2016 06:15:00,38.434203
18-Mar-2016 06:30:00,38.172045
18-Mar-2016 06:45:00,47.043524
18-Mar-2016 07:00:00,35.115336
18-Mar-2016 07:45:00,43.925953
18-Mar-2016 08:00:00,63.821612
18-Mar-2016 08:15:00,66.139308
18-Mar-2016 08:30:00,0.089542
18-Mar-2016 08:45:00,77.514764
18-Mar-2016 09:00:00,84.902187
18-Mar-2016 16:30:00,115.082593
18-Mar-2016 17:00:00,102.689884
18-Mar-2016 18:45:00,65.173982
18-Mar-2016 19:45:00,66.338319
18-Mar-2016 20:15:00,58.993499
18-Mar-2016 20:30:00,47.215478
18-Mar-2016 20:45:00,53.666813
18-Mar-2016 21:00:00,48.947732
18-Mar-2016 21:15:00,45.679099
18-Mar-2016 21:30:00,42.717760
18-Mar-2016 21:45:00,46.045264
18-Mar-2016 22:00:00,50.520618
18-Mar-2016 22:15:00,47.791652
18-Mar-2016 22:30:00,45.162823
18-Mar-2016 22:45:00,44.264755
18-Mar-2016 23:00:00,43.847546
18-Mar-2016 23:15:00,52.461095
18-Mar-2016 23:30:00,45.595186
18-Mar-2016 23:45:00,42.529419
19-Mar-2016 00:00:00,44.597178
19-Mar-2016 00:15:00,42.252606
19-Mar-2016 00:30:00,51.746732
19-Mar-2016 00:45:00,43.293362
19-Mar-2016 01:00:00,44.078866
19-Mar-2016 01:15:00,41.179339
19-Mar-2016 01:30:00,44.345294
19-Mar-2016 01:45:00,53.327365
19-Mar-2016 02:00:00,45.387468
19-Mar-2016 02:15:00,43.332918
19-Mar-2016 02:30:00,41.939313
19-Mar-2016 02:45:00,39.334169
19-Mar-2016 03:00:00,53.149369
19-Mar-2016 03:15:00,40.339461
19-Mar-2016 03:30:00,42.981698
19-Mar-2016 03:45:00,38.621955
19-Mar-2016 04:00:00,42.780216
19-Mar-2016 04:15:00,48.131673
19-Mar-2016 04:30:00,43.105307
19-Mar-2016 04:45:00,39.808990
19-Mar-2016 05:00:00,41.434478
19-Mar-2016 05:15:00,41.463025
19-Mar-2016 05:30:00,49.067994
19-Mar-2016 05:45:00,40.478333
19-Mar-2016 06:00:00,39.917582
19-Mar-2016 06:15:00,38.286459
19-Mar-2016 06:30:00,45.080635
19-Mar-2016 07:00:00,44.925476
19-Mar-2016 07:15:00,37.743049
19-Mar-2016 07:30:00,40.408297
19-Mar-2016 07:45:00,44.740745
19-Mar-2016 08:00:00,54.048597
19-Mar-2016 08:15:00,61.044175
19-Mar-2016 08:30:00,65.991350
19-Mar-2016 08:45:00,69.760384
19-Mar-2016 09:00:00,76.816411
19-Mar-2016 09:15:00,97.971582
19-Mar-2016 09:30:00,111.375096
19-Mar-2016 12:30:00,168.094966
19-Mar-2016 13:00:00,166.772886
19-Mar-2016 13:15:00,155.005047
19-Mar-2016 13:30:00,144.014115
19-Mar-2016 13:45:00,124.791356
19-Mar-2016 14:00:00,113.709190
19-Mar-2016 14:15:00,99.307431
19-Mar-2016 14:30:00,98.154841
19-Mar-2016 14:45:00,83.548343
19-Mar-2016 15:00:00,77.782259
19-Mar-2016 15:15:00,73.319531
19-Mar-2016 15:30:00,78.029073
19-Mar-2016 15:45:00,80.771176
19-Mar-2016 16:00:00,69.633146
19-Mar-2016 16:15:00,57.488065
19-Mar-2016 16:30:00,57.497026
19-Mar-2016 16:45:00,51.449377
19-Mar-2016 17:00:00,62.958256
19-Mar-2016 17:15:00,48.053023
19-Mar-2016 17:30:00,50.429134
19-Mar-2016 17:45:00,49.718476
19-Mar-2016 19:30:00,65.266588
19-Mar-2016 19:45:00,56.755016
19-Mar-2016 20:00:00,49.106351
19-Mar-2016 20:15:00,42.137751
19-Mar-2016 20:30:00,40.053502
19-Mar-2016 20:45:00,48.258350
19-Mar-2016 21:00:00,39.414743
19-Mar-2016 21:15:00,37.332500
19-Mar-2016 21:30:00,36.362588
19-Mar-2016 21:45:00,37.157261
19-Mar-2016 22:00:00,47.824886
19-Mar-2016 22:15:00,36.385247
19-Mar-2016 22:30:00,35.467123
19-Mar-2016 22:45:00,35.572592
19-Mar-2016 23:00:00,36.973098
19-Mar-2016 23:15:00,46.276845
19-Mar-2016 23:30:00,35.442945
19-Mar-2016 23:45:00,37.718181
20-Mar-2016 00:00:00,36.135784
20-Mar-2016 00:15:00,36.604389
20-Mar-2016 00:30:00,44.467149
20-Mar-2016 00:45:00,35.664919
20-Mar-2016 01:00:00,36.976526
20-Mar-2016 01:15:00,37.822848
20-Mar-2016 01:30:00,36.690940
20-Mar-2016 01:45:00,44.779071
20-Mar-2016 02:00:00,35.803395
20-Mar-2016 02:15:00,37.687755
20-Mar-2016 02:30:00,35.093736
20-Mar-2016 02:45:00,37.297055
20-Mar-2016 03:00:00,45.516071
20-Mar-2016 03:15:00,37.250878
20-Mar-2016 03:30:00,37.064851
20-Mar-2016 03:45:00,35.122048
20-Mar-2016 04:00:00,38.287653
20-Mar-2016 04:15:00,42.540666
20-Mar-2016 04:30:00,37.455044
20-Mar-2016 04:45:00,34.908600
20-Mar-2016 05:00:00,36.001323
20-Mar-2016 05:15:00,40.174611
20-Mar-2016 05:45:00,42.292049
20-Mar-2016 06:00:00,34.678261
20-Mar-2016 06:15:00,34.789005
20-Mar-2016 06:30:00,37.880096
20-Mar-2016 06:45:00,44.082651
20-Mar-2016 07:00:00,39.475342
20-Mar-2016 07:15:00,34.716224
20-Mar-2016 07:30:00,36.503691
20-Mar-2016 07:45:00,35.415446
20-Mar-2016 08:00:00,42.958899
20-Mar-2016 08:15:00,38.575637
20-Mar-2016 08:30:00,36.052626
20-Mar-2016 08:45:00,34.326617
20-Mar-2016 09:00:00,35.863203
20-Mar-2016 09:15:00,46.381166
20-Mar-2016 09:30:00,38.886856
20-Mar-2016 09:45:00,35.442517
20-Mar-2016 10:00:00,36.630970
20-Mar-2016 10:15:00,36.907676
20-Mar-2016 10:30:00,46.559115
20-Mar-2016 10:45:00,36.414018
20-Mar-2016 11:00:00,36.145373
20-Mar-2016 11:15:00,38.183729
20-Mar-2016 11:30:00,37.735335
20-Mar-2016 11:45:00,49.472545
20-Mar-2016 12:00:00,37.383772
20-Mar-2016 12:15:00,37.902067
20-Mar-2016 12:30:00,36.180948
20-Mar-2016 12:45:00,38.888760
20-Mar-2016 13:00:00,50.284022
20-Mar-2016 13:15:00,39.638637
20-Mar-2016 13:30:00,37.572789
20-Mar-2016 13:45:00,38.813121
20-Mar-2016 14:00:00,38.547955
20-Mar-2016 14:15:00,39.013508
20-Mar-2016 14:30:00,47.863472
20-Mar-2016 14:45:00,37.907026
20-Mar-2016 15:00:00,38.340214
20-Mar-2016 15:15:00,37.208887
20-Mar-2016 15:30:00,39.917737
20-Mar-2016 15:45:00,45.691509
20-Mar-2016 16:00:00,40.107832
20-Mar-2016 16:15:00,38.565204
20-Mar-2016 16:45:00,37.615036
20-Mar-2016 17:00:00,41.898042
20-Mar-2016 17:15:00,43.760786
20-Mar-2016 17:30:00,37.765647
20-Mar-2016 17:45:00,38.500856
20-Mar-2016 18:00:00,38.579561
20-Mar-2016 18:15:00,44.546999
20-Mar-2016 18:30:00,40.815626
20-Mar-2016 18:45:00,40.301129
20-Mar-2016 19:00:00,41.386409
20-Mar-2016 19:15:00,38.552412
20-Mar-2016 19:30:00,48.296439
20-Mar-2016 19:45:00,42.310880
20-Mar-2016 20:00:00,40.528225
20-Mar-2016 20:15:00,41.083740
20-Mar-2016 20:30:00,40.086675
20-Mar-2016 20:45:00,49.816454
20-Mar-2016 21:00:00,41.669613
20-Mar-2016 21:15:00,37.980419
20-Mar-2016 21:30:00,38.164043
20-Mar-2016 21:45:00,40.517191
20-Mar-2016 22:00:00,45.003344
20-Mar-2016 22:15:00,35.905970
20-Mar-2016 22:30:00,36.000113
20-Mar-2016 22:45:00,36.913491
20-Mar-2016 23:00:00,38.538999
20-Mar-2016 23:15:00,47.118451
20-Mar-2016 23:30:00,36.193991
20-Mar-2016 23:45:00,36.914883
21-Mar-2016 00:00:00,38.009857
21-Mar-2016 00:15:00,39.247069
21-Mar-2016 00:30:00,46.152189
21-Mar-2016 00:45:00,38.295347
21-Mar-2016 01:00:00,38.721502
21-Mar-2016 01:15:00,38.345525
21-Mar-2016 01:30:00,36.699102
21-Mar-2016 01:45:00,48.156053
21-Mar-2016 02:00:00,37.486547
21-Mar-2016 02:15:00,37.879840
21-Mar-2016 02:30:00,38.688352
21-Mar-2016 02:45:00,39.634012
21-Mar-2016 03:00:00,46.571158
21-Mar-2016 03:15:00,37.304484
21-Mar-2016 03:30:00,37.803402
21-Mar-2016 03:45:00,36.848278
21-Mar-2016 04:15:00,43.295730
21-Mar-2016 04:30:00,41.681839
21-Mar-2016 04:45:00,38.085501
21-Mar-2016 05:00:00,36.810867
21-Mar-2016 05:15:00,35.646576
21-Mar-2016 05:30:00,44.047508
21-Mar-2016 05:45:00,40.681981
21-Mar-2016 06:00:00,36.512995
21-Mar-2016 06:15:00,35.720045
21-Mar-2016 06:30:00,36.573045
21-Mar-2016 06:45:00,45.461610
21-Mar-2016 07:00:00,35.782298
21-Mar-2016 07:15:00,35.250671
21-Mar-2016 07:30:00,36.352367
21-Mar-2016 07:45:00,36.314416
21-Mar-2016 08:00:00,48.210289
21-Mar-2016 08:15:00,49.085514
21-Mar-2016 08:30:00,64.191126
21-Mar-2016 08:45:00,66.068512
21-Mar-2016 09:00:00,77.268497
21-Mar-2016 09:15:00,108.849429
21-Mar-2016 09:30:00,127.178949
21-Mar-2016 09:45:00,141.706135
21-Mar-2016 10:00:00,152.394099
21-Mar-2016 10:30:00,171.367924
21-Mar-2016 10:45:00,167.138149
21-Mar-2016 11:15:00,178.382677
21-Mar-2016 11:30:00,186.566472
21-Mar-2016 12:15:00,199.961768
21-Mar-2016 12:30:00,198.843340
21-Mar-2016 15:45:00,166.582616
21-Mar-2016 16:00:00,169.118071
21-Mar-2016 16:15:00,168.692606
21-Mar-2016 16:30:00,146.696364
21-Mar-2016 16:45:00,127.938989
21-Mar-2016 17:00:00,110.630452
21-Mar-2016 17:15:00,85.333112
21-Mar-2016 17:30:00,72.681766
21-Mar-2016 17:45:00,72.117411
21-Mar-2016 18:00:00,66.665426
21-Mar-2016 18:15:00,79.454579
21-Mar-2016 18:30:00,74.236682
21-Mar-2016 18:45:00,71.902440
21-Mar-2016 19:00:00,70.047602
21-Mar-2016 19:15:00,67.615953
21-Mar-2016 19:30:00,70.915623
21-Mar-2016 19:45:00,65.815570
21-Mar-2016 20:00:00,64.442331
21-Mar-2016 20:15:00,61.528532
21-Mar-2016 20:30:00,-0.354673
21-Mar-2016 20:45:00,64.912115
21-Mar-2016 21:00:00,49.794175
21-Mar-2016 21:15:00,40.901492
21-Mar-2016 21:30:00,40.797751
21-Mar-2016 21:45:00,39.227638
21-Mar-2016 22:00:00,48.416946
21-Mar-2016 22:15:00,39.087499
21-Mar-2016 22:30:00,39.672872
21-Mar-2016 22:45:00,37.053791
21-Mar-2016 23:00:00,37.875129
21-Mar-2016 23:15:00,47.157245
21-Mar-2016 23:30:00,35.235266
21-Mar-2016 23:45:00,37.127716
22-Mar-2016 00:00:00,36.434613
22-Mar-2016 00:15:00,34.742694
22-Mar-2016 00:30:00,45.674184
22-Mar-2016 00:45:00,35.873931
22-Mar-2016 01:00:00,34.458235
22-Mar-2016 01:15:00,37.633048
22-Mar-2016 01:30:00,35.293557
22-Mar-2016 01:45:00,45.900076
22-Mar-2016 02:00:00,37.489434
22-Mar-2016 02:15:00,38.057215
22-Mar-2016 02:30:00,36.063459
22-Mar-2016 02:45:00,40.730537
22-Mar-2016 03:00:00,46.084066
22-Mar-2016 03:15:00,35.529680
22-Mar-2016 03:30:00,38.040078
22-Mar-2016 03:45:00,36.428502
22-Mar-2016 04:00:00,39.715119
22-Mar-2016 04:15:00,42.463324
22-Mar-2016 04:30:00,38.986808
22-Mar-2016 05:00:00,35.439552
22-Mar-2016 05:15:00,37.062171
22-Mar-2016 05:30:00,43.436520
22-Mar-2016 05:45:00,41.357435
22-Mar-2016 06:00:00,37.642834
22-Mar-2016 06:15:00,36.707051
22-Mar-2016 06:30:00,34.025764
22-Mar-2016 06:45:00,44.137115
22-Mar-2016 07:00:00,37.410118
22-Mar-2016 07:15:00,33.228051
22-Mar-2016 07:30:00,34.935646
22-Mar-2016 07:45:00,35.552009
22-Mar-2016 08:00:00,45.450744
22-Mar-2016 08:15:00,42.382932
22-Mar-2016 08:30:00,47.860220
22-Mar-2016 08:45:00,52.277401
22-Mar-2016 09:00:00,62.221998
22-Mar-2016 09:15:00,94.465129
22-Mar-2016 09:30:00,126.124626
22-Mar-2016 09:45:00,146.306878
22-Mar-2016 10:00:00,154.544382
22-Mar-2016 10:15:00,163.289916
22-Mar-2016 11:30:00,179.077611
22-Mar-2016 11:45:00,199.119313
22-Mar-2016 14:00:00,174.465480
22-Mar-2016 14:45:00,186.428761
22-Mar-2016 15:00:00,181.156491
22-Mar-2016 15:15:00,184.792616
22-Mar-2016 15:30:00,178.990999
22-Mar-2016 15:45:00,181.307470
22-Mar-2016 16:00:00,164.348154
22-Mar-2016 16:15:00,152.354875
22-Mar-2016 16:30:00,142.515605
22-Mar-2016 16:45:00,120.401648
22-Mar-2016 17:00:00,104.518352
22-Mar-2016 17:15:00,83.405997
22-Mar-2016 17:30:00,80.382205
22-Mar-2016 17:45:00,72.294326
22-Mar-2016 18:00:00,70.352609
22-Mar-2016 18:15:00,84.268176
22-Mar-2016 18:30:00,69.320357
22-Mar-2016 18:45:00,65.274610
22-Mar-2016 19:00:00,63.111730
22-Mar-2016 19:15:00,62.303239
22-Mar-2016 19:30:00,69.540080
22-Mar-2016 19:45:00,60.224313
22-Mar-2016 20:00:00,58.094166
22-Mar-2016 20:15:00,49.846225
22-Mar-2016 20:30:00,49.069944
22-Mar-2016 20:45:00,53.552813
22-Mar-2016 21:00:00,44.576960
22-Mar-2016 21:15:00,44.648671
22-Mar-2016 21:30:00,43.355075
22-Mar-2016 21:45:00,41.550707
22-Mar-2016 22:00:00,46.256015
22-Mar-2016 22:15:00,39.020733
22-Mar-2016 22:30:00,37.735132
22-Mar-2016 22:45:00,36.763838
22-Mar-2016 23:00:00,40.420143
22-Mar-2016 23:15:00,42.172440
22-Mar-2016 23:30:00,36.874015
23-Mar-2016 00:00:00,36.469547
23-Mar-2016 00:15:00,36.979493
23-Mar-2016 00:30:00,41.718088
23-Mar-2016 00:45:00,39.799448
23-Mar-2016 01:00:00,35.573502
23-Mar-2016 01:15:00,35.864855
23-Mar-2016 01:30:00,35.182350
23-Mar-2016 01:45:00,43.482592
23-Mar-2016 02:00:00,37.284004
23-Mar-2016 02:15:00,35.741350
23-Mar-2016 02:30:00,36.311627
23-Mar-2016 02:45:00,36.227968
23-Mar-2016 03:00:00,45.409491
23-Mar-2016 03:15:00,37.045470
23-Mar-2016 03:30:00,36.522175
23-Mar-2016 03:45:00,36.082441
23-Mar-2016 04:00:00,36.051303
23-Mar-2016 04:15:00,46.609740
23-Mar-2016 04:30:00,35.269651
23-Mar-2016 04:45:00,35.217750
23-Mar-2016 05:00:00,36.156737
23-Mar-2016 05:15:00,35.790318
23-Mar-2016 05:30:00,46.425523
23-Mar-2016 05:45:00,34.412295
23-Mar-2016 06:00:00,35.227746
23-Mar-2016 06:15:00,35.607537
23-Mar-2016 06:30:00,35.136660
23-Mar-2016 06:45:00,45.509288
23-Mar-2016 07:00:00,34.673037
23-Mar-2016 07:15:00,34.444079
23-Mar-2016 07:30:00,34.371518
23-Mar-2016 07:45:00,35.244851
23-Mar-2016 08:00:00,50.489123
23-Mar-2016 08:15:00,54.823184
23-Mar-2016 08:30:00,71.147534
23-Mar-2016 08:45:00,75.929502
23-Mar-2016 09:00:00,81.165429
23-Mar-2016 09:15:00,97.844525
23-Mar-2016 09:30:00,97.203184
23-Mar-2016 09:45:00,123.439375
23-Mar-2016 11:15:00,174.931818
23-Mar-2016 11:30:00,198.197842
23-Mar-2016 11:45:00,211.188961
23-Mar-2016 12:00:00,204.078029
23-Mar-2016 12:15:00,209.360256
23-Mar-2016 12:30:00,206.786005
23-Mar-2016 12:45:00,210.062265
23-Mar-2016 13:00:00,209.664208
23-Mar-2016 13:15:00,186.008513
23-Mar-2016 13:30:00,189.693038
23-Mar-2016 13:45:00,194.689615
23-Mar-2016 14:00:00,197.959829
23-Mar-2016 14:15:00,188.441789
23-Mar-2016 14:30:00,193.280548
23-Mar-2016 14:45:00,185.604256
23-Mar-2016 15:00:00,183.016319
23-Mar-2016 15:15:00,191.393429
23-Mar-2016 15:30:00,201.509937
23-Mar-2016 15:45:00,217.795973
23-Mar-2016 16:00:00,198.306613
23-Mar-2016 16:15:00,179.413615
23-Mar-2016 16:30:00,167.862778
23-Mar-2016 16:45:00,138.586257
23-Mar-2016 17:00:00,112.589882
23-Mar-2016 17:15:00,100.438533
23-Mar-2016 17:30:00,96.608001
23-Mar-2016 17:45:00,72.892943
23-Mar-2016 18:00:00,66.990259
23-Mar-2016 18:15:00,76.851533
23-Mar-2016 18:30:00,67.638021
23-Mar-2016 18:45:00,65.738704
23-Mar-2016 19:00:00,62.506346
23-Mar-2016 19:15:00,65.186428
23-Mar-2016 19:30:00,71.105155
23-Mar-2016 19:45:00,60.597544
23-Mar-2016 20:00:00,56.103524
23-Mar-2016 20:15:00,55.752423
23-Mar-2016 20:30:00,55.542592
23-Mar-2016 20:45:00,60.443033
23-Mar-2016 21:00:00,49.070912
23-Mar-2016 21:15:00,41.923878
23-Mar-2016 21:30:00,38.738557
23-Mar-2016 21:45:00,41.922463
23-Mar-2016 22:00:00,45.770241
23-Mar-2016 22:15:00,38.449435
23-Mar-2016 22:30:00,40.004760
23-Mar-2016 23:00:00,39.332598
23-Mar-2016 23:15:00,43.634791
23-Mar-2016 23:30:00,41.991271
23-Mar-2016 23:45:00,39.781246
24-Mar-2016 00:00:00,37.815753
24-Mar-2016 00:15:00,39.469750
24-Mar-2016 00:30:00,43.825715
24-Mar-2016 00:45:00,40.659520
24-Mar-2016 01:00:00,37.342097
24-Mar-2016 01:15:00,39.439016
24-Mar-2016 01:30:00,38.342070
24-Mar-2016 01:45:00,44.349631
24-Mar-2016 02:00:00,39.008580
24-Mar-2016 02:15:00,38.012878
24-Mar-2016 02:30:00,38.450495
24-Mar-2016 02:45:00,37.435154
24-Mar-2016 03:00:00,47.506711
24-Mar-2016 03:15:00,36.945822
24-Mar-2016 03:30:00,39.205379
24-Mar-2016 03:45:00,38.033619
24-Mar-2016 04:00:00,37.047332
24-Mar-2016 04:15:00,47.504301
24-Mar-2016 04:30:00,39.125860
24-Mar-2016 04:45:00,38.533266
24-Mar-2016 05:00:00,37.280018
24-Mar-2016 05:15:00,36.825145
24-Mar-2016 05:30:00,50.437292
24-Mar-2016 05:45:00,37.358314
24-Mar-2016 06:00:00,37.587289
24-Mar-2016 06:15:00,38.352793
24-Mar-2016 06:30:00,36.451514
24-Mar-2016 06:45:00,47.117388
24-Mar-2016 07:00:00,37.057450
24-Mar-2016 07:15:00,36.132671
24-Mar-2016 07:30:00,35.823614
24-Mar-2016 07:45:00,37.104816
24-Mar-2016 08:00:00,50.955159
24-Mar-2016 08:15:00,48.483384
24-Mar-2016 08:30:00,53.778381
24-Mar-2016 08:45:00,55.874673
24-Mar-2016 09:00:00,72.593555
24-Mar-2016 09:15:00,108.279067
24-Mar-2016 09:30:00,115.928016
24-Mar-2016 09:45:00,129.410624
24-Mar-2016 10:00:00,135.184238
24-Mar-2016 10:15:00,160.784242
24-Mar-2016 10:30:00,168.821800
24-Mar-2016 11:00:00,154.860616
24-Mar-2016 11:15:00,170.329568
24-Mar-2016 12:00:00,204.722693
24-Mar-2016 12:15:00,215.024113
24-Mar-2016 12:30:00,204.746967
24-Mar-2016 12:45:00,195.547222
24-Mar-2016 13:00:00,204.369357
24-Mar-2016 15:45:00,153.961462
24-Mar-2016 18:45:00,70.189909
24-Mar-2016 19:00:00,67.304528
24-Mar-2016 19:15:00,68.123112
24-Mar-2016 19:30:00,68.264667
24-Mar-2016 19:45:00,59.251736
24-Mar-2016 20:00:00,45.677806
24-Mar-2016 20:15:00,41.436434
24-Mar-2016 20:30:00,45.998729
24-Mar-2016 21:00:00,47.193769
24-Mar-2016 21:30:00,39.532138
24-Mar-2016 21:45:00,40.036509
24-Mar-2016 22:00:00,47.669659
24-Mar-2016 22:45:00,46.665496
24-Mar-2016 23:00:00,40.273735
24-Mar-2016 23:15:00,42.424905
24-Mar-2016 23:30:00,37.698927
24-Mar-2016 23:45:00,35.739058
25-Mar-2016 00:00:00,37.734824
25-Mar-2016 00:15:00,40.261327
25-Mar-2016 00:30:00,40.258257
25-Mar-2016 00:45:00,36.174582
25-Mar-2016 01:00:00,36.271138
25-Mar-2016 01:15:00,34.778770
25-Mar-2016 01:30:00,40.587214
25-Mar-2016 02:00:00,41.962870
25-Mar-2016 02:15:00,35.379017
25-Mar-2016 02:30:00,36.030289
25-Mar-2016 02:45:00,35.684910
25-Mar-2016 03:00:00,41.571881
25-Mar-2016 03:15:00,38.935451
25-Mar-2016 03:30:00,35.527195
25-Mar-2016 03:45:00,33.875189
25-Mar-2016 04:00:00,35.076914
25-Mar-2016 04:15:00,43.298578
25-Mar-2016 10:15:00,35.886622
25-Mar-2016 10:30:00,45.095154
25-Mar-2016 10:45:00,38.227689
25-Mar-2016 11:00:00,37.188073
25-Mar-2016 11:15:00,36.347680
25-Mar-2016 11:30:00,37.288435
25-Mar-2016 11:45:00,45.809439
25-Mar-2016 12:00:00,41.575033
25-Mar-2016 12:15:00,36.271313
25-Mar-2016 13:00:00,46.113875
25-Mar-2016 13:15:00,39.633827
25-Mar-2016 13:30:00,37.902492
25-Mar-2016 13:45:00,38.011842
25-Mar-2016 14:00:00,39.317040
25-Mar-2016 14:15:00,38.522707
25-Mar-2016 14:30:00,45.763661
25-Mar-2016 14:45:00,39.181546
25-Mar-2016 18:15:00,47.117689
25-Mar-2016 18:30:00,41.009417
25-Mar-2016 18:45:00,35.172501
25-Mar-2016 19:00:00,37.938682
25-Mar-2016 19:15:00,39.434216
25-Mar-2016 19:30:00,42.669688
25-Mar-2016 19:45:00,40.235037
25-Mar-2016 20:00:00,35.908377
25-Mar-2016 20:15:00,35.447750
25-Mar-2016 20:30:00,33.747369
25-Mar-2016 20:45:00,44.151050
25-Mar-2016 21:00:00,36.594545
25-Mar-2016 21:15:00,35.809743
25-Mar-2016 21:30:00,36.782596
25-Mar-2016 21:45:00,35.241235
25-Mar-2016 22:00:00,43.371724
25-Mar-2016 22:15:00,36.475719
25-Mar-2016 22:30:00,35.507760
25-Mar-2016 22:45:00,34.996701
25-Mar-2016 23:00:00,35.753050
25-Mar-2016 23:15:00,44.762874
25-Mar-2016 23:30:00,34.284760
25-Mar-2016 23:45:00,35.517450
26-Mar-2016 00:00:00,36.108422
26-Mar-2016 00:15:00,34.319886
26-Mar-2016 00:30:00,42.947176
26-Mar-2016 00:45:00,35.273645
26-Mar-2016 01:00:00,34.545282
26-Mar-2016 01:15:00,35.962804
26-Mar-2016 01:30:00,34.693148
26-Mar-2016 01:45:00,44.782945
26-Mar-2016 02:00:00,34.960359
26-Mar-2016 02:15:00,36.812111
26-Mar-2016 02:30:00,34.078921
26-Mar-2016 02:45:00,37.222200
26-Mar-2016 03:00:00,46.006264
26-Mar-2016 03:15:00,35.174997
26-Mar-2016 03:30:00,34.917081
26-Mar-2016 03:45:00,36.950964
26-Mar-2016 06:45:00,43.061795
26-Mar-2016 07:00:00,32.407916
26-Mar-2016 07:15:00,32.651006
26-Mar-2016 07:30:00,34.542337
26-Mar-2016 07:45:00,38.607276
26-Mar-2016 08:00:00,44.132097
26-Mar-2016 08:15:00,42.746332
26-Mar-2016 08:30:00,45.562867
26-Mar-2016 08:45:00,49.328399
26-Mar-2016 09:00:00,72.436712
26-Mar-2016 09:30:00,84.196352
26-Mar-2016 09:45:00,91.837636
26-Mar-2016 10:00:00,109.764312
26-Mar-2016 10:15:00,113.322821
26-Mar-2016 10:30:00,123.393294
26-Mar-2016 10:45:00,127.195801
26-Mar-2016 11:00:00,123.491507
26-Mar-2016 11:15:00,127.141482
26-Mar-2016 11:30:00,133.029117
26-Mar-2016 11:45:00,135.276738
26-Mar-2016 12:00:00,131.244503
26-Mar-2016 12:15:00,123.939731
26-Mar-2016 12:30:00,130.489694
26-Mar-2016 12:45:00,120.454882
26-Mar-2016 13:00:00,123.429675
26-Mar-2016 13:15:00,107.006795
26-Mar-2016 13:30:00,81.681046
26-Mar-2016 13:45:00,72.021879
26-Mar-2016 14:00:00,64.286659
26-Mar-2016 14:15:00,57.428667
26-Mar-2016 14:30:00,60.509511
26-Mar-2016 14:45:00,57.117582
26-Mar-2016 15:00:00,50.306825
26-Mar-2016 15:15:00,46.608674
26-Mar-2016 15:30:00,47.224829
26-Mar-2016 15:45:00,50.889160
26-Mar-2016 16:00:00,45.638046
26-Mar-2016 16:15:00,43.394334
26-Mar-2016 16:30:00,39.293794
26-Mar-2016 16:45:00,38.720885
26-Mar-2016 17:00:00,45.981014
26-Mar-2016 17:15:00,43.160110
26-Mar-2016 17:30:00,36.717618
26-Mar-2016 17:45:00,38.935463
26-Mar-2016 18:00:00,39.846144
26-Mar-2016 18:15:00,44.532188
26-Mar-2016 18:30:00,42.566960
26-Mar-2016 18:45:00,40.358153
26-Mar-2016 19:00:00,36.442826
26-Mar-2016 19:15:00,38.218334
26-Mar-2016 19:30:00,44.786213
26-Mar-2016 19:45:00,42.370323
26-Mar-2016 20:00:00,38.100469
26-Mar-2016 20:15:00,38.285306
26-Mar-2016 20:30:00,36.639694
26-Mar-2016 20:45:00,45.114515
26-Mar-2016 21:00:00,40.279396
26-Mar-2016 21:15:00,37.816340
26-Mar-2016 21:30:00,36.463597
26-Mar-2016 21:45:00,38.625430
26-Mar-2016 22:00:00,45.185859
26-Mar-2016 22:15:00,38.908165
26-Mar-2016 22:30:00,35.611302
26-Mar-2016 22:45:00,35.635010
26-Mar-2016 23:00:00,32.550451
26-Mar-2016 23:15:00,43.216176
26-Mar-2016 23:30:00,36.456823
26-Mar-2016 23:45:00,33.163633
27-Mar-2016 00:00:00,35.419223
27-Mar-2016 00:15:00,35.826090
27-Mar-2016 00:30:00,40.169316
27-Mar-2016 00:45:00,36.552739
27-Mar-2016 01:00:00,34.356969
27-Mar-2016 01:15:00,33.382743
27-Mar-2016 01:30:00,34.303882
27-Mar-2016 01:45:00,42.441946
27-Mar-2016 02:00:00,35.256179
27-Mar-2016 02:15:00,34.726079
27-Mar-2016 02:30:00,34.600880
27-Mar-2016 02:45:00,34.724889
27-Mar-2016 03:00:00,42.627012
27-Mar-2016 03:15:00,38.012264
27-Mar-2016 03:30:00,33.951380
27-Mar-2016 03:45:00,34.429096
27-Mar-2016 04:00:00,34.828770
27-Mar-2016 04:15:00,42.527250
27-Mar-2016 04:30:00,35.878779
27-Mar-2016 04:45:00,35.538645
27-Mar-2016 05:00:00,34.113859
27-Mar-2016 05:15:00,33.730357
27-Mar-2016 05:30:00,41.700208
27-Mar-2016 05:45:00,37.729622
27-Mar-2016 06:00:00,32.730122
27-Mar-2016 06:15:00,35.200788
27-Mar-2016 06:30:00,35.097928
27-Mar-2016 06:45:00,42.055271
27-Mar-2016 07:00:00,37.261205
27-Mar-2016 07:15:00,35.043607
27-Mar-2016 07:30:00,32.084998
27-Mar-2016 07:45:00,34.509170
27-Mar-2016 08:00:00,42.803860
27-Mar-2016 08:15:00,36.129514
27-Mar-2016 08:30:00,34.231405
27-Mar-2016 08:45:00,35.822226
27-Mar-2016 09:00:00,34.290732
27-Mar-2016 09:15:00,43.177935
27-Mar-2016 09:30:00,38.501784
27-Mar-2016 09:45:00,35.098216
27-Mar-2016 10:00:00,34.644009
27-Mar-2016 10:30:00,41.054398
27-Mar-2016 10:45:00,43.118375
27-Mar-2016 11:00:00,37.434687
27-Mar-2016 11:15:00,37.249996
27-Mar-2016 11:30:00,38.665898
27-Mar-2016 11:45:00,44.030728
27-Mar-2016 12:00:00,42.976639
27-Mar-2016 12:15:00,38.876630
27-Mar-2016 12:30:00,38.741541
27-Mar-2016 18:15:00,45.725479
27-Mar-2016 18:30:00,37.656784
27-Mar-2016 18:45:00,38.204707
27-Mar-2016 19:00:00,36.604296
27-Mar-2016 19:15:00,35.955842
27-Mar-2016 19:30:00,47.975449
27-Mar-2016 19:45:00,36.711869
27-Mar-2016 20:00:00,38.928317
27-Mar-2016 20:15:00,38.073093
27-Mar-2016 20:30:00,36.714351
27-Mar-2016 20:45:00,46.017891
27-Mar-2016 21:00:00,36.331569
27-Mar-2016 21:15:00,35.587662
27-Mar-2016 21:30:00,35.155608
27-Mar-2016 21:45:00,35.710405
27-Mar-2016 22:00:00,46.020973
27-Mar-2016 22:15:00,32.935393
27-Mar-2016 22:30:00,34.477210
27-Mar-2016 22:45:00,35.147213
27-Mar-2016 23:00:00,33.568913
27-Mar-2016 23:15:00,45.602486
27-Mar-2016 23:30:00,34.727373
27-Mar-2016 23:45:00,33.664291
28-Mar-2016 00:00:00,34.596044
28-Mar-2016 00:15:00,35.036920
28-Mar-2016 00:30:00,42.085767
28-Mar-2016 00:45:00,34.318315
28-Mar-2016 01:00:00,35.372614
28-Mar-2016 01:15:00,33.316029
28-Mar-2016 01:30:00,36.700644
28-Mar-2016 09:15:00,115.840676
28-Mar-2016 09:30:00,141.490377
28-Mar-2016 09:45:00,138.462037
28-Mar-2016 10:00:00,142.916640
28-Mar-2016 10:15:00,147.551681
28-Mar-2016 10:30:00,162.514981
28-Mar-2016 10:45:00,157.592175
28-Mar-2016 11:00:00,167.527700
28-Mar-2016 11:15:00,172.625612
28-Mar-2016 11:30:00,191.676322
28-Mar-2016 11:45:00,215.864047
28-Mar-2016 12:00:00,203.921166
28-Mar-2016 12:15:00,211.289780
28-Mar-2016 12:30:00,212.796692
28-Mar-2016 12:45:00,205.333792
28-Mar-2016 13:00:00,205.433513
28-Mar-2016 13:15:00,186.796312
28-Mar-2016 13:30:00,183.980778
28-Mar-2016 13:45:00,186.099768
28-Mar-2016 14:00:00,188.889770
28-Mar-2016 14:15:00,184.141663
28-Mar-2016 15:15:00,181.328009
28-Mar-2016 15:45:00,179.427727
28-Mar-2016 16:00:00,163.885448
28-Mar-2016 16:15:00,162.293030
28-Mar-2016 16:30:00,145.806647
28-Mar-2016 16:45:00,128.281334
28-Mar-2016 17:00:00,116.542885
28-Mar-2016 17:15:00,97.715078
28-Mar-2016 17:30:00,84.956746
28-Mar-2016 17:45:00,76.789996
28-Mar-2016 18:15:00,86.416782
28-Mar-2016 19:00:00,69.282912
28-Mar-2016 20:00:00,59.859093
28-Mar-2016 20:30:00,53.457063
28-Mar-2016 20:45:00,65.485325
28-Mar-2016 21:00:00,55.720357
28-Mar-2016 21:15:00,49.073227
28-Mar-2016 21:30:00,42.576419
28-Mar-2016 21:45:00,39.970809
28-Mar-2016 22:00:00,46.034468
28-Mar-2016 22:15:00,36.803521
28-Mar-2016 22:30:00,36.536002
28-Mar-2016 22:45:00,36.057059
28-Mar-2016 23:00:00,36.910193
28-Mar-2016 23:15:00,45.692065
28-Mar-2016 23:30:00,35.368280
28-Mar-2016 23:45:00,36.892225
29-Mar-2016 00:00:00,35.103925
29-Mar-2016 00:15:00,37.380160
29-Mar-2016 00:30:00,44.989844
29-Mar-2016 00:45:00,35.541714
29-Mar-2016 01:00:00,36.762524
29-Mar-2016 01:15:00,36.450338
29-Mar-2016 01:30:00,35.022989
29-Mar-2016 01:45:00,45.349835
29-Mar-2016 02:00:00,37.007132
29-Mar-2016 02:15:00,35.379566
29-Mar-2016 02:30:00,36.105865
29-Mar-2016 02:45:00,36.829207
29-Mar-2016 03:00:00,45.027001
29-Mar-2016 03:15:00,37.273221
29-Mar-2016 03:30:00,36.489747
29-Mar-2016 03:45:00,35.159021
29-Mar-2016 04:00:00,36.253424
29-Mar-2016 04:15:00,47.233209
29-Mar-2016 04:30:00,34.631787
29-Mar-2016 04:45:00,36.693348
29-Mar-2016 05:00:00,36.817378
29-Mar-2016 05:15:00,35.316920
29-Mar-2016 05:30:00,45.546698
29-Mar-2016 05:45:00,36.470699
29-Mar-2016 06:00:00,34.914795
29-Mar-2016 06:15:00,35.011910
29-Mar-2016 06:30:00,35.516147
29-Mar-2016 06:45:00,42.494987
29-Mar-2016 07:00:00,35.101293
29-Mar-2016 07:15:00,35.879104
29-Mar-2016 07:30:00,35.327888
29-Mar-2016 07:45:00,35.539076
29-Mar-2016 08:00:00,47.754501
29-Mar-2016 08:15:00,45.067863
29-Mar-2016 08:30:00,51.226728
29-Mar-2016 08:45:00,55.480572
29-Mar-2016 11:30:00,181.077214
29-Mar-2016 11:45:00,194.285971
29-Mar-2016 12:00:00,186.781467
29-Mar-2016 12:15:00,205.478325
29-Mar-2016 12:30:00,209.171248
29-Mar-2016 12:45:00,197.018033
29-Mar-2016 13:00:00,210.052637
29-Mar-2016 13:15:00,195.851247
29-Mar-2016 13:30:00,169.700784
29-Mar-2016 13:45:00,164.988196
29-Mar-2016 14:00:00,155.668293
29-Mar-2016 14:15:00,158.050412
29-Mar-2016 14:30:00,174.964978
29-Mar-2016 14:45:00,176.442064
29-Mar-2016 15:00:00,180.173614
29-Mar-2016 15:15:00,182.677351
29-Mar-2016 15:30:00,173.320059
29-Mar-2016 15:45:00,192.649032
29-Mar-2016 16:00:00,171.665642
29-Mar-2016 16:15:00,161.334109
29-Mar-2016 16:30:00,155.320605
29-Mar-2016 16:45:00,137.740187
29-Mar-2016 17:00:00,103.296264
29-Mar-2016 17:15:00,91.274016
29-Mar-2016 20:00:00,49.598038
29-Mar-2016 20:15:00,49.173153
29-Mar-2016 20:30:00,42.705498
29-Mar-2016 20:45:00,49.500828
29-Mar-2016 21:00:00,41.962922
29-Mar-2016 21:15:00,40.251500
29-Mar-2016 21:30:00,39.196187
29-Mar-2016 21:45:00,36.990582
29-Mar-2016 22:00:00,43.060318
29-Mar-2016 22:15:00,33.837478
29-Mar-2016 22:30:00,32.062141
29-Mar-2016 22:45:00,32.233008
29-Mar-2016 23:00:00,32.811235
29-Mar-2016 23:15:00,40.981742
29-Mar-2016 23:30:00,32.638998
29-Mar-2016 23:45:00,32.439443
30-Mar-2016 00:00:00,30.929393
30-Mar-2016 00:15:00,32.341703
30-Mar-2016 00:30:00,40.353676
30-Mar-2016 00:45:00,31.110404
30-Mar-2016 01:00:00,32.300352
30-Mar-2016 01:15:00,32.255951
30-Mar-2016 01:30:00,30.136814
30-Mar-2016 01:45:00,40.684662
30-Mar-2016 02:00:00,33.042247
30-Mar-2016 02:15:00,30.497075
30-Mar-2016 02:30:00,32.047005
30-Mar-2016 02:45:00,32.274607
30-Mar-2016 03:00:00,39.748760
30-Mar-2016 03:15:00,33.091046
30-Mar-2016 03:30:00,32.346876
30-Mar-2016 03:45:00,31.370082
30-Mar-2016 04:00:00,31.506766
30-Mar-2016 04:15:00,41.207307
30-Mar-2016 04:30:00,32.820830
30-Mar-2016 04:45:00,31.266485
30-Mar-2016 05:00:00,31.582350
30-Mar-2016 05:15:00,31.953769
30-Mar-2016 05:30:00,39.339293
30-Mar-2016 05:45:00,33.618606
30-Mar-2016 06:00:00,31.519796
30-Mar-2016 06:15:00,30.903780
30-Mar-2016 06:30:00,32.268014
30-Mar-2016 06:45:00,41.662653
30-Mar-2016 07:00:00,32.143084
30-Mar-2016 07:15:00,32.673787
30-Mar-2016 07:30:00,32.272748
30-Mar-2016 07:45:00,31.875691
30-Mar-2016 08:00:00,44.352467
30-Mar-2016 08:15:00,45.014091
30-Mar-2016 08:30:00,51.969572
30-Mar-2016 08:45:00,55.018291
30-Mar-2016 09:00:00,60.896900
30-Mar-2016 09:15:00,86.020358
30-Mar-2016 09:30:00,103.187997
30-Mar-2016 09:45:00,126.166417
30-Mar-2016 10:00:00,134.656727
30-Mar-2016 10:15:00,151.560646
30-Mar-2016 10:30:00,174.201594
30-Mar-2016 10:45:00,169.024832
30-Mar-2016 11:00:00,168.880184
30-Mar-2016 11:15:00,171.000375
30-Mar-2016 11:30:00,172.764163
30-Mar-2016 11:45:00,181.537106
30-Mar-2016 12:00:00,175.239748
30-Mar-2016 12:15:00,183.234017
30-Mar-2016 12:30:00,180.217519
30-Mar-2016 12:45:00,184.068649
30-Mar-2016 13:00:00,186.757557
30-Mar-2016 13:15:00,172.605762
30-Mar-2016 13:30:00,174.222176
30-Mar-2016 13:45:00,178.988421
30-Mar-2016 14:00:00,192.110696
30-Mar-2016 14:15:00,185.122759
30-Mar-2016 14:30:00,191.891938
30-Mar-2016 14:45:00,184.796532
30-Mar-2016 15:00:00,187.918597
30-Mar-2016 15:15:00,196.631363
30-Mar-2016 15:30:00,201.963627
30-Mar-2016 15:45:00,215.278065
30-Mar-2016 16:00:00,193.884882
30-Mar-2016 16:15:00,179.298258
30-Mar-2016 16:30:00,165.145847
30-Mar-2016 16:45:00,127.786593
30-Mar-2016 17:00:00,100.922878
30-Mar-2016 17:15:00,76.645056
30-Mar-2016 17:30:00,67.610544
30-Mar-2016 17:45:00,63.731643
30-Mar-2016 18:00:00,64.669733
30-Mar-2016 18:15:00,73.406669
30-Mar-2016 18:30:00,64.460866
30-Mar-2016 18:45:00,66.159032
30-Mar-2016 19:00:00,65.850899
30-Mar-2016 19:15:00,65.828231
30-Mar-2016 19:30:00,73.149475
30-Mar-2016 19:45:00,63.527890
30-Mar-2016 20:00:00,60.756376
30-Mar-2016 20:15:00,62.937333
30-Mar-2016 20:30:00,64.200366
31-Mar-2016 09:30:00,88.302494
31-Mar-2016 09:45:00,114.207716
31-Mar-2016 10:00:00,127.179396
31-Mar-2016 10:15:00,145.448248
31-Mar-2016 10:30:00,162.914134
31-Mar-2016 10:45:00,158.240933
31-Mar-2016 11:15:00,168.875942
31-Mar-2016 12:30:00,166.080896
31-Mar-2016 12:45:00,179.252719
31-Mar-2016 13:00:00,190.144526
31-Mar-2016 13:15:00,175.302139
31-Mar-2016 13:30:00,160.216653
31-Mar-2016 13:45:00,158.476429
31-Mar-2016 14:00:00,152.715066
31-Mar-2016 14:15:00,163.139820
31-Mar-2016 14:30:00,180.040970
31-Mar-2016 14:45:00,155.747371
31-Mar-2016 15:00:00,166.004019
01-Apr-2016 14:30:00,144.519952
01-Apr-2016 14:45:00,136.308872
01-Apr-2016 15:45:00,120.098185
01-Apr-2016 16:00:00,100.579410
01-Apr-2016 16:15:00,102.037296
01-Apr-2016 16:30:00,90.059056
01-Apr-2016 17:00:00,80.074631
01-Apr-2016 17:30:00,61.218520
01-Apr-2016 20:30:00,38.783668
01-Apr-2016 20:45:00,45.262634
01-Apr-2016 21:00:00,37.542713
01-Apr-2016 21:15:00,36.678714
01-Apr-2016 21:30:00,34.675874
01-Apr-2016 21:45:00,38.082979
01-Apr-2016 22:00:00,42.974029
01-Apr-2016 22:15:00,35.064344
01-Apr-2016 22:30:00,37.087079
01-Apr-2016 22:45:00,37.230037
01-Apr-2016 23:00:00,37.781819
01-Apr-2016 23:15:00,43.124857
01-Apr-2016 23:30:00,35.651438
01-Apr-2016 23:45:00,35.905650
02-Apr-2016 00:00:00,35.738453
02-Apr-2016 04:45:00,34.475895
02-Apr-2016 05:00:00,35.583288
02-Apr-2016 05:15:00,35.347526
02-Apr-2016 05:30:00,40.107718
02-Apr-2016 05:45:00,40.132068
02-Apr-2016 06:00:00,34.550767
02-Apr-2016 06:15:00,33.467986
02-Apr-2016 06:30:00,34.893193
02-Apr-2016 06:45:00,42.668746
02-Apr-2016 07:00:00,37.673776
02-Apr-2016 07:15:00,36.023388
02-Apr-2016 07:30:00,35.565865
02-Apr-2016 07:45:00,35.399598
02-Apr-2016 08:00:00,43.451228
02-Apr-2016 08:15:00,41.504164
02-Apr-2016 08:30:00,40.419693
02-Apr-2016 08:45:00,41.429834
02-Apr-2016 09:00:00,47.544478
02-Apr-2016 09:15:00,66.898357
02-Apr-2016 09:30:00,92.711041
02-Apr-2016 15:30:00,113.241644
02-Apr-2016 15:45:00,133.510428
02-Apr-2016 16:15:00,129.358996
02-Apr-2016 16:30:00,130.506011
02-Apr-2016 17:00:00,135.195597
02-Apr-2016 21:00:00,65.845498
02-Apr-2016 21:15:00,66.000199
02-Apr-2016 21:30:00,63.827208
02-Apr-2016 21:45:00,64.868234
02-Apr-2016 22:15:00,62.788967
02-Apr-2016 22:30:00,48.163682
02-Apr-2016 22:45:00,51.184033
02-Apr-2016 23:00:00,44.204728
02-Apr-2016 23:15:00,49.688902
02-Apr-2016 23:30:00,49.387675
02-Apr-2016 23:45:00,39.300831
03-Apr-2016 00:00:00,43.799831
03-Apr-2016 00:15:00,44.039148
03-Apr-2016 00:30:00,45.859031
03-Apr-2016 00:45:00,46.846417
03-Apr-2016 01:00:00,43.036033
03-Apr-2016 01:15:00,41.373061
03-Apr-2016 01:30:00,40.235407
03-Apr-2016 01:45:00,46.891509
03-Apr-2016 02:00:00,44.892816
03-Apr-2016 02:15:00,42.263014
03-Apr-2016 02:30:00,41.697998
03-Apr-2016 02:45:00,42.716228
03-Apr-2016 03:00:00,45.610452
03-Apr-2016 03:15:00,47.761622
03-Apr-2016 03:30:00,42.462516
03-Apr-2016 03:45:00,39.129563
03-Apr-2016 04:00:00,42.739196
03-Apr-2016 04:15:00,44.536067
03-Apr-2016 04:30:00,45.870351
03-Apr-2016 04:45:00,42.120966
03-Apr-2016 05:00:00,44.452242
03-Apr-2016 05:15:00,40.298204
03-Apr-2016 05:30:00,46.939160
03-Apr-2016 05:45:00,44.643057
03-Apr-2016 06:00:00,41.297555
03-Apr-2016 06:15:00,40.221072
03-Apr-2016 06:30:00,42.556787
03-Apr-2016 06:45:00,46.147379
03-Apr-2016 07:00:00,45.809067
03-Apr-2016 07:15:00,40.853621
03-Apr-2016 07:30:00,41.534150
03-Apr-2016 07:45:00,40.077890
03-Apr-2016 08:00:00,47.152650
03-Apr-2016 08:15:00,46.662850
03-Apr-2016 08:30:00,40.809263
03-Apr-2016 08:45:00,42.844632
03-Apr-2016 09:00:00,41.803430
03-Apr-2016 09:15:00,63.959508
03-Apr-2016 09:30:00,63.154981
03-Apr-2016 09:45:00,65.315084
03-Apr-2016 10:00:00,64.806427
03-Apr-2016 10:15:00,72.146403
03-Apr-2016 10:30:00,80.969498
03-Apr-2016 10:45:00,82.667824
03-Apr-2016 11:00:00,81.557298
03-Apr-2016 11:15:00,78.469294
03-Apr-2016 11:30:00,73.957692
03-Apr-2016 11:45:00,80.671795
03-Apr-2016 12:00:00,82.864163
03-Apr-2016 12:15:00,75.107320
03-Apr-2016 12:30:00,76.443152
03-Apr-2016 12:45:00,76.068086
03-Apr-2016 13:00:00,82.114331
03-Apr-2016 13:15:00,84.126991
03-Apr-2016 13:30:00,78.866902
03-Apr-2016 13:45:00,79.848114
03-Apr-2016 14:00:00,75.186509
03-Apr-2016 14:15:00,76.626274
03-Apr-2016 14:30:00,82.730864
03-Apr-2016 14:45:00,82.773746
03-Apr-2016 15:00:00,84.350968
03-Apr-2016 15:15:00,81.387739
03-Apr-2016 15:30:00,81.854716
03-Apr-2016 15:45:00,86.886211
03-Apr-2016 16:00:00,81.175297
03-Apr-2016 16:15:00,72.101502
03-Apr-2016 16:30:00,73.367945
03-Apr-2016 16:45:00,73.567928
03-Apr-2016 17:00:00,76.061977
03-Apr-2016 17:15:00,75.958801
03-Apr-2016 17:45:00,65.683286
03-Apr-2016 20:15:00,66.618577
03-Apr-2016 20:30:00,65.143842
03-Apr-2016 21:00:00,68.711878
03-Apr-2016 21:15:00,64.202481
03-Apr-2016 21:30:00,0.787158
03-Apr-2016 21:45:00,57.120090
03-Apr-2016 22:00:00,60.802988
03-Apr-2016 22:15:00,59.913448
03-Apr-2016 22:30:00,54.755799
03-Apr-2016 22:45:00,55.849092
03-Apr-2016 23:00:00,52.692683
03-Apr-2016 23:15:00,60.404984
03-Apr-2016 23:30:00,42.286221
03-Apr-2016 23:45:00,41.955552
04-Apr-2016 00:00:00,37.815740
04-Apr-2016 00:15:00,39.614657
04-Apr-2016 00:30:00,47.332611
04-Apr-2016 00:45:00,41.092251
04-Apr-2016 01:00:00,38.470511
04-Apr-2016 01:15:00,42.331449
04-Apr-2016 01:30:00,40.532213
04-Apr-2016 01:45:00,49.557040
04-Apr-2016 02:00:00,40.504422
04-Apr-2016 02:15:00,42.571406
04-Apr-2016 02:30:00,41.332404
04-Apr-2016 02:45:00,41.742436
04-Apr-2016 03:00:00,49.552614
04-Apr-2016 03:15:00,40.219089
04-Apr-2016 03:30:00,38.000875
04-Apr-2016 03:45:00,37.531384
04-Apr-2016 04:00:00,40.847338
04-Apr-2016 04:15:00,51.885212
04-Apr-2016 04:30:00,42.998529
04-Apr-2016 04:45:00,39.185462
04-Apr-2016 05:00:00,36.940321
04-Apr-2016 05:15:00,39.684591
04-Apr-2016 05:30:00,50.701244
04-Apr-2016 05:45:00,38.368322
04-Apr-2016 06:00:00,36.693492
04-Apr-2016 06:15:00,40.070471
04-Apr-2016 06:30:00,38.559042
04-Apr-2016 06:45:00,47.027444
04-Apr-2016 07:00:00,38.476801
04-Apr-2016 07:15:00,39.322754
04-Apr-2016 07:30:00,38.597417
04-Apr-2016 07:45:00,40.729719
04-Apr-2016 08:00:00,48.314017
04-Apr-2016 08:15:00,49.647954
04-Apr-2016 08:30:00,53.345813
04-Apr-2016 08:45:00,52.091219
04-Apr-2016 09:00:00,59.969358
04-Apr-2016 09:15:00,75.955851
04-Apr-2016 09:30:00,82.654026
04-Apr-2016 09:45:00,106.547719
04-Apr-2016 10:00:00,119.654876
04-Apr-2016 10:15:00,127.802304
04-Apr-2016 10:30:00,140.948300
04-Apr-2016 10:45:00,134.865798
04-Apr-2016 11:00:00,143.630499
04-Apr-2016 11:30:00,145.129264
04-Apr-2016 11:45:00,146.212246
04-Apr-2016 12:00:00,153.259475
04-Apr-2016 12:15:00,143.428111
04-Apr-2016 12:30:00,147.041797
04-Apr-2016 12:45:00,162.248525
04-Apr-2016 13:00:00,161.912026
04-Apr-2016 13:15:00,165.624828
04-Apr-2016 13:30:00,163.131145
04-Apr-2016 13:45:00,145.910071
04-Apr-2016 14:00:00,140.586306
04-Apr-2016 14:15:00,141.746722
04-Apr-2016 14:30:00,143.677714
04-Apr-2016 14:45:00,142.345460
04-Apr-2016 15:00:00,143.469164
04-Apr-2016 15:15:00,161.381352
04-Apr-2016 15:30:00,161.249639
04-Apr-2016 15:45:00,163.473949
04-Apr-2016 16:00:00,161.871810
04-Apr-2016 16:15:00,155.626942
04-Apr-2016 16:30:00,136.877311
04-Apr-2016 16:45:00,120.974964
04-Apr-2016 17:00:00,88.664479
04-Apr-2016 17:15:00,79.367327
04-Apr-2016 17:30:00,70.051275
04-Apr-2016 19:00:00,63.108733
04-Apr-2016 19:15:00,61.589559
04-Apr-2016 19:30:00,65.271267
04-Apr-2016 19:45:00,60.528339
04-Apr-2016 20:00:00,57.436225
04-Apr-2016 20:15:00,55.231951
04-Apr-2016 20:30:00,53.963381
04-Apr-2016 20:45:00,57.952822
04-Apr-2016 21:00:00,47.664845
04-Apr-2016 21:15:00,45.873905
04-Apr-2016 21:30:00,38.669232
04-Apr-2016 21:45:00,34.299971
04-Apr-2016 22:00:00,42.455815
04-Apr-2016 22:15:00,34.942384
04-Apr-2016 22:30:00,32.838528
04-Apr-2016 22:45:00,33.823118
04-Apr-2016 23:00:00,34.149683
04-Apr-2016 23:15:00,42.955830
04-Apr-2016 23:30:00,33.113852
04-Apr-2016 23:45:00,34.896282
05-Apr-2016 00:00:00,32.494847
05-Apr-2016 00:15:00,33.000971
05-Apr-2016 00:30:00,44.082127
05-Apr-2016 00:45:00,31.744810
05-Apr-2016 01:00:00,32.832476
05-Apr-2016 01:15:00,33.581825
05-Apr-2016 01:30:00,32.592665
05-Apr-2016 01:45:00,43.246415
05-Apr-2016 02:00:00,35.343188
05-Apr-2016 02:15:00,33.085816
05-Apr-2016 02:30:00,31.730844
05-Apr-2016 02:45:00,32.602564
05-Apr-2016 03:00:00,43.200418
05-Apr-2016 03:15:00,31.843414
05-Apr-2016 03:30:00,33.242824
05-Apr-2016 03:45:00,34.050697
05-Apr-2016 04:00:00,34.603453
05-Apr-2016 04:15:00,42.235959
05-Apr-2016 04:30:00,33.461069
05-Apr-2016 04:45:00,32.083197
05-Apr-2016 05:00:00,34.299234
05-Apr-2016 05:15:00,37.929803
05-Apr-2016 05:30:00,38.013106
05-Apr-2016 05:45:00,32.761182
05-Apr-2016 06:15:00,32.438879
05-Apr-2016 06:30:00,33.556271
05-Apr-2016 06:45:00,38.562738
05-Apr-2016 07:00:00,37.178212
05-Apr-2016 07:15:00,32.200485
05-Apr-2016 07:30:00,34.068627
05-Apr-2016 07:45:00,35.091182
05-Apr-2016 08:00:00,44.294458
05-Apr-2016 08:15:00,45.528098
05-Apr-2016 08:30:00,50.857544
05-Apr-2016 08:45:00,52.836026
05-Apr-2016 09:00:00,57.799394
05-Apr-2016 09:15:00,90.121122
05-Apr-2016 10:15:00,141.192757
05-Apr-2016 10:30:00,176.470131
05-Apr-2016 10:45:00,182.912534
05-Apr-2016 11:00:00,171.535987
05-Apr-2016 11:15:00,178.959478
05-Apr-2016 11:30:00,191.233187
05-Apr-2016 11:45:00,200.212367
05-Apr-2016 12:00:00,197.163411
05-Apr-2016 12:15:00,191.052867
05-Apr-2016 12:30:00,206.517294
05-Apr-2016 12:45:00,207.572598
05-Apr-2016 13:00:00,217.646039
05-Apr-2016 13:15:00,203.818464
05-Apr-2016 13:30:00,165.391769
05-Apr-2016 13:45:00,160.632296
05-Apr-2016 14:00:00,156.919573
05-Apr-2016 14:15:00,166.442705
05-Apr-2016 14:30:00,177.809291
05-Apr-2016 14:45:00,173.992771
05-Apr-2016 15:00:00,186.802807
05-Apr-2016 15:15:00,192.471654
05-Apr-2016 15:30:00,183.595024
05-Apr-2016 15:45:00,183.117424
05-Apr-2016 16:00:00,178.274347
05-Apr-2016 16:15:00,171.847362
05-Apr-2016 16:30:00,148.552865
05-Apr-2016 16:45:00,131.811809
05-Apr-2016 17:00:00,108.596728
05-Apr-2016 17:15:00,83.863744
05-Apr-2016 17:30:00,79.110795
05-Apr-2016 18:00:00,72.951202
05-Apr-2016 19:15:00,69.918993
05-Apr-2016 19:30:00,69.585081
05-Apr-2016 19:45:00,54.432902
05-Apr-2016 20:00:00,53.076640
05-Apr-2016 20:15:00,51.817745
05-Apr-2016 20:30:00,49.762234
05-Apr-2016 20:45:00,58.235737
05-Apr-2016 21:00:00,43.736054
05-Apr-2016 21:15:00,43.331415
05-Apr-2016 21:30:00,41.588195
05-Apr-2016 21:45:00,42.175703
05-Apr-2016 22:00:00,52.169849
05-Apr-2016 22:15:00,39.131915
05-Apr-2016 22:30:00,37.891750
05-Apr-2016 22:45:00,37.178175
05-Apr-2016 23:00:00,35.124815
05-Apr-2016 23:15:00,48.453119
05-Apr-2016 23:30:00,36.241297
05-Apr-2016 23:45:00,36.889803
06-Apr-2016 00:00:00,38.184434
06-Apr-2016 00:15:00,36.689575
06-Apr-2016 00:30:00,44.579470
06-Apr-2016 00:45:00,38.028296
06-Apr-2016 01:00:00,36.329721
06-Apr-2016 01:15:00,35.698686
06-Apr-2016 01:30:00,37.528295
06-Apr-2016 01:45:00,46.994977
06-Apr-2016 02:00:00,35.749186
06-Apr-2016 02:15:00,36.927539
06-Apr-2016 02:30:00,36.967497
06-Apr-2016 02:45:00,37.897792
06-Apr-2016 03:00:00,46.263453
06-Apr-2016 03:15:00,37.170639
06-Apr-2016 03:30:00,36.515074
06-Apr-2016 03:45:00,35.585277
06-Apr-2016 04:00:00,41.461276
06-Apr-2016 04:15:00,42.489894
06-Apr-2016 04:45:00,36.785140
06-Apr-2016 05:00:00,37.784735
06-Apr-2016 05:15:00,37.764110
06-Apr-2016 05:30:00,41.495299
06-Apr-2016 05:45:00,42.115679
06-Apr-2016 06:00:00,36.278268
06-Apr-2016 06:15:00,35.359602
06-Apr-2016 06:30:00,38.472154
06-Apr-2016 06:45:00,43.868373
06-Apr-2016 07:00:00,37.306691
06-Apr-2016 07:15:00,35.611616
06-Apr-2016 07:30:00,35.575724
06-Apr-2016 07:45:00,35.223709
06-Apr-2016 08:00:00,52.457203
06-Apr-2016 08:15:00,49.168882
06-Apr-2016 08:30:00,54.307888
06-Apr-2016 08:45:00,69.985837
06-Apr-2016 09:00:00,89.528227
06-Apr-2016 09:15:00,122.834770
06-Apr-2016 09:30:00,132.636267
06-Apr-2016 10:30:00,184.968609
06-Apr-2016 10:45:00,197.410736
06-Apr-2016 11:00:00,195.298969
06-Apr-2016 11:15:00,193.398457
06-Apr-2016 11:30:00,202.983630
06-Apr-2016 11:45:00,231.875702
06-Apr-2016 12:00:00,223.533522
06-Apr-2016 12:15:00,223.141312
06-Apr-2016 12:30:00,220.521587
06-Apr-2016 12:45:00,223.907990
06-Apr-2016 13:00:00,238.678083
06-Apr-2016 13:15:00,227.593449
06-Apr-2016 13:30:00,221.717560
06-Apr-2016 13:45:00,199.457195
06-Apr-2016 14:00:00,201.501961
06-Apr-2016 14:15:00,200.843971
06-Apr-2016 14:30:00,203.810693
06-Apr-2016 14:45:00,200.612964
06-Apr-2016 15:00:00,199.122086
06-Apr-2016 15:15:00,197.692276
06-Apr-2016 15:30:00,193.659582
06-Apr-2016 15:45:00,197.817036
06-Apr-2016 16:00:00,182.404700
06-Apr-2016 16:15:00,170.876421
06-Apr-2016 16:30:00,155.954066
06-Apr-2016 16:45:00,136.410687
06-Apr-2016 17:00:00,114.731696
06-Apr-2016 17:15:00,86.231099
06-Apr-2016 17:30:00,80.933670
06-Apr-2016 17:45:00,73.577719
06-Apr-2016 18:00:00,75.629769
06-Apr-2016 18:15:00,79.506077
06-Apr-2016 18:30:00,74.456903
06-Apr-2016 18:45:00,72.048883
06-Apr-2016 19:00:00,70.028322
06-Apr-2016 19:15:00,67.713776
06-Apr-2016 19:30:00,76.776386
06-Apr-2016 19:45:00,58.668605
06-Apr-2016 20:00:00,56.036687
06-Apr-2016 20:15:00,58.346658
06-Apr-2016 20:30:00,56.439079
06-Apr-2016 20:45:00,61.289607
06-Apr-2016 21:00:00,57.490071
06-Apr-2016 21:15:00,47.548945
06-Apr-2016 21:30:00,44.697601
06-Apr-2016 21:45:00,47.124632
06-Apr-2016 22:00:00,50.057695
06-Apr-2016 22:15:00,43.521146
06-Apr-2016 22:30:00,42.965332
06-Apr-2016 22:45:00,41.536196
06-Apr-2016 23:00:00,39.059420
06-Apr-2016 23:15:00,-0.551047
06-Apr-2016 23:30:00,35.856268
07-Apr-2016 00:00:00,36.404546
07-Apr-2016 00:15:00,36.698818
07-Apr-2016 00:30:00,43.151042
07-Apr-2016 00:45:00,37.946913
07-Apr-2016 01:00:00,37.532352
07-Apr-2016 01:15:00,35.085586
07-Apr-2016 01:30:00,37.108555
07-Apr-2016 01:45:00,40.152929
07-Apr-2016 02:00:00,40.224790
07-Apr-2016 02:15:00,34.949201
07-Apr-2016 02:30:00,37.276197
07-Apr-2016 02:45:00,36.317497
07-Apr-2016 03:00:00,45.771662
07-Apr-2016 03:15:00,37.139227
07-Apr-2016 03:30:00,36.343814
07-Apr-2016 03:45:00,37.513464
07-Apr-2016 04:00:00,34.536086
07-Apr-2016 04:15:00,48.863646
07-Apr-2016 04:30:00,35.585905
07-Apr-2016 04:45:00,36.806696
07-Apr-2016 05:00:00,35.804819
07-Apr-2016 05:15:00,37.237901
07-Apr-2016 05:30:00,46.222522
07-Apr-2016 05:45:00,38.672236
07-Apr-2016 06:00:00,35.793896
07-Apr-2016 06:15:00,36.470192
07-Apr-2016 06:30:00,35.912316
07-Apr-2016 06:45:00,48.483760
07-Apr-2016 07:00:00,33.233669
07-Apr-2016 07:15:00,37.379884
07-Apr-2016 07:30:00,36.847017
07-Apr-2016 07:45:00,38.442384
07-Apr-2016 08:00:00,52.378024
07-Apr-2016 08:15:00,55.472762
07-Apr-2016 08:30:00,63.581558
07-Apr-2016 08:45:00,69.390340
07-Apr-2016 09:00:00,84.924014
07-Apr-2016 09:15:00,116.357046
07-Apr-2016 09:30:00,136.318412
07-Apr-2016 10:00:00,143.848459
07-Apr-2016 10:30:00,167.268091
07-Apr-2016 10:45:00,175.404505
07-Apr-2016 11:00:00,175.689492
07-Apr-2016 11:15:00,176.105407
07-Apr-2016 11:30:00,178.346330
07-Apr-2016 11:45:00,190.136647
07-Apr-2016 12:00:00,178.761433
07-Apr-2016 12:30:00,190.995081
07-Apr-2016 13:00:00,177.758699
07-Apr-2016 15:15:00,168.657219
07-Apr-2016 15:30:00,171.798829
07-Apr-2016 15:45:00,173.773179
07-Apr-2016 16:00:00,188.968154
07-Apr-2016 16:15:00,174.381536
07-Apr-2016 16:30:00,166.722359
07-Apr-2016 16:45:00,153.480829
07-Apr-2016 17:00:00,128.745897
07-Apr-2016 17:15:00,102.409319
07-Apr-2016 17:45:00,79.960290
07-Apr-2016 18:00:00,67.003875
07-Apr-2016 18:15:00,67.785509
07-Apr-2016 18:30:00,58.888687
07-Apr-2016 19:00:00,55.330108
07-Apr-2016 19:15:00,48.443292
07-Apr-2016 19:30:00,55.573778
07-Apr-2016 19:45:00,50.968978
07-Apr-2016 20:00:00,45.038993
07-Apr-2016 20:15:00,44.632246
07-Apr-2016 20:30:00,40.746049
07-Apr-2016 20:45:00,49.426055
07-Apr-2016 21:00:00,40.930627
07-Apr-2016 21:15:00,40.103612
07-Apr-2016 21:30:00,40.449748
07-Apr-2016 21:45:00,38.471305
07-Apr-2016 22:00:00,43.391176
07-Apr-2016 22:15:00,40.772506
07-Apr-2016 22:30:00,38.321278
07-Apr-2016 22:45:00,34.857616
07-Apr-2016 23:00:00,37.550587
07-Apr-2016 23:15:00,45.970111
07-Apr-2016 23:30:00,34.973668
07-Apr-2016 23:45:00,33.932171
08-Apr-2016 00:00:00,34.770887
08-Apr-2016 00:15:00,34.348200
08-Apr-2016 00:30:00,41.639162
08-Apr-2016 00:45:00,35.604206
08-Apr-2016 01:00:00,33.859971
08-Apr-2016 01:15:00,33.011363
08-Apr-2016 01:30:00,34.722834
08-Apr-2016 01:45:00,45.683973
08-Apr-2016 02:00:00,33.912935
08-Apr-2016 02:15:00,37.475187
08-Apr-2016 02:30:00,35.101137
08-Apr-2016 02:45:00,34.505758
08-Apr-2016 03:00:00,44.918560
08-Apr-2016 03:15:00,37.170294
08-Apr-2016 03:30:00,33.285987
08-Apr-2016 03:45:00,34.330375
08-Apr-2016 04:00:00,34.890849
08-Apr-2016 04:15:00,44.590275
08-Apr-2016 04:30:00,33.699028
08-Apr-2016 04:45:00,35.393086
08-Apr-2016 05:30:00,39.358369
08-Apr-2016 05:45:00,41.562104
08-Apr-2016 06:00:00,35.275002
08-Apr-2016 06:15:00,35.458716
08-Apr-2016 06:30:00,34.011151
08-Apr-2016 06:45:00,41.738935
08-Apr-2016 08:00:00,44.803424
08-Apr-2016 09:00:00,35.642439
08-Apr-2016 10:00:00,35.412229
08-Apr-2016 10:15:00,36.991941
08-Apr-2016 10:30:00,47.232992
08-Apr-2016 12:30:00,38.249345
08-Apr-2016 12:45:00,36.405428
08-Apr-2016 13:00:00,49.670343
08-Apr-2016 13:15:00,38.681418
08-Apr-2016 13:30:00,35.180824
08-Apr-2016 13:45:00,39.492719
08-Apr-2016 14:00:00,38.784546
08-Apr-2016 14:15:00,34.936464
08-Apr-2016 17:30:00,34.221486
08-Apr-2016 17:45:00,38.683177
08-Apr-2016 18:00:00,38.837718
08-Apr-2016 18:15:00,44.930655
08-Apr-2016 18:30:00,39.780944
08-Apr-2016 18:45:00,38.774699
08-Apr-2016 19:00:00,38.149163
08-Apr-2016 19:15:00,41.855129
08-Apr-2016 19:30:00,45.509780
08-Apr-2016 19:45:00,40.702830
08-Apr-2016 20:00:00,39.019056
08-Apr-2016 20:15:00,39.401260
08-Apr-2016 20:30:00,42.718216
08-Apr-2016 20:45:00,44.094886
08-Apr-2016 21:00:00,39.841698
08-Apr-2016 21:30:00,38.762004
08-Apr-2016 21:45:00,32.890497
08-Apr-2016 22:00:00,41.848911
08-Apr-2016 22:15:00,40.265167
08-Apr-2016 22:30:00,32.171028
08-Apr-2016 22:45:00,36.884529
08-Apr-2016 23:00:00,35.247185
08-Apr-2016 23:15:00,39.156580
08-Apr-2016 23:30:00,36.096799
08-Apr-2016 23:45:00,33.469058
09-Apr-2016 00:00:00,32.786076
09-Apr-2016 00:15:00,35.111035
09-Apr-2016 00:30:00,40.252652
09-Apr-2016 00:45:00,35.897192
09-Apr-2016 01:00:00,34.160222
09-Apr-2016 01:15:00,33.808446
09-Apr-2016 01:30:00,35.939883
09-Apr-2016 01:45:00,42.442611
09-Apr-2016 02:00:00,35.132671
09-Apr-2016 02:15:00,35.564491
09-Apr-2016 02:30:00,34.114228
09-Apr-2016 02:45:00,33.508978
09-Apr-2016 03:00:00,46.538618
09-Apr-2016 03:15:00,34.154121
09-Apr-2016 03:30:00,33.661734
09-Apr-2016 03:45:00,36.043083
09-Apr-2016 04:00:00,33.455464
09-Apr-2016 04:15:00,43.952818
09-Apr-2016 04:30:00,36.568756
09-Apr-2016 04:45:00,32.870594
09-Apr-2016 05:00:00,34.290757
09-Apr-2016 05:15:00,34.704038
09-Apr-2016 05:30:00,42.403841
09-Apr-2016 06:15:00,33.984166
09-Apr-2016 06:30:00,35.798517
09-Apr-2016 06:45:00,40.236191
09-Apr-2016 07:00:00,37.444471
09-Apr-2016 08:15:00,55.569592
09-Apr-2016 08:30:00,65.349061
09-Apr-2016 08:45:00,64.489873
09-Apr-2016 09:00:00,73.068808
09-Apr-2016 09:15:00,109.910172
09-Apr-2016 09:30:00,129.548957
09-Apr-2016 09:45:00,135.901820
09-Apr-2016 10:00:00,142.447553
09-Apr-2016 10:15:00,144.761603
09-Apr-2016 10:30:00,156.613680
09-Apr-2016 10:45:00,165.046900
09-Apr-2016 11:00:00,166.251264
09-Apr-2016 11:15:00,173.584734
09-Apr-2016 11:30:00,174.341147
09-Apr-2016 11:45:00,187.324297
09-Apr-2016 12:00:00,171.582772
09-Apr-2016 12:15:00,169.917511
09-Apr-2016 12:30:00,169.375279
09-Apr-2016 12:45:00,166.164607
09-Apr-2016 13:00:00,164.423840
09-Apr-2016 13:15:00,136.456688
09-Apr-2016 13:30:00,105.331149
09-Apr-2016 13:45:00,99.454438
09-Apr-2016 14:00:00,86.963537
09-Apr-2016 14:15:00,82.507341
09-Apr-2016 14:30:00,88.495960
09-Apr-2016 14:45:00,68.332022
09-Apr-2016 15:00:00,65.249104
09-Apr-2016 15:15:00,59.267909
09-Apr-2016 15:30:00,57.363127
09-Apr-2016 15:45:00,65.390208
09-Apr-2016 16:00:00,54.934986
09-Apr-2016 16:15:00,54.770352
09-Apr-2016 16:30:00,49.374072
09-Apr-2016 16:45:00,49.106615
09-Apr-2016 17:00:00,61.690612
09-Apr-2016 17:15:00,46.681008
09-Apr-2016 17:30:00,44.019320
09-Apr-2016 17:45:00,46.495571
09-Apr-2016 18:00:00,41.663625
09-Apr-2016 18:15:00,51.268957
09-Apr-2016 18:30:00,41.225281
09-Apr-2016 18:45:00,42.412016
09-Apr-2016 19:00:00,38.824239
09-Apr-2016 19:15:00,40.912946
09-Apr-2016 19:30:00,48.047173
09-Apr-2016 19:45:00,37.948314
09-Apr-2016 20:00:00,38.529450
09-Apr-2016 20:15:00,37.430029
09-Apr-2016 20:30:00,34.575887
09-Apr-2016 20:45:00,43.463236
09-Apr-2016 21:00:00,33.780671
09-Apr-2016 21:15:00,34.813986
09-Apr-2016 21:30:00,31.826714
09-Apr-2016 21:45:00,34.805455
09-Apr-2016 22:00:00,45.886132
09-Apr-2016 22:15:00,31.250474
09-Apr-2016 22:30:00,33.729667
09-Apr-2016 22:45:00,35.736002
10-Apr-2016 00:15:00,32.873128
10-Apr-2016 00:30:00,41.554159
10-Apr-2016 00:45:00,33.047207
10-Apr-2016 09:15:00,41.261638
10-Apr-2016 09:30:00,37.116931
10-Apr-2016 10:15:00,36.979424
10-Apr-2016 10:30:00,42.466473
10-Apr-2016 10:45:00,42.493854
10-Apr-2016 11:00:00,36.735712
10-Apr-2016 11:15:00,36.645564
10-Apr-2016 11:45:00,46.480543
10-Apr-2016 12:00:00,42.124833
10-Apr-2016 12:15:00,38.906645
10-Apr-2016 12:30:00,41.641449
10-Apr-2016 12:45:00,40.041404
10-Apr-2016 13:30:00,41.064740
10-Apr-2016 13:45:00,37.378288
10-Apr-2016 14:00:00,37.738189
10-Apr-2016 14:15:00,34.611718
10-Apr-2016 14:30:00,40.776114
10-Apr-2016 14:45:00,38.918348
10-Apr-2016 15:00:00,36.145348
10-Apr-2016 15:15:00,35.949807
10-Apr-2016 20:15:00,37.194566
10-Apr-2016 20:30:00,35.680483
10-Apr-2016 20:45:00,44.536314
10-Apr-2016 21:00:00,34.820306
10-Apr-2016 21:15:00,35.940369
10-Apr-2016 21:30:00,33.013674
10-Apr-2016 21:45:00,32.988975
10-Apr-2016 22:00:00,42.463311
10-Apr-2016 22:15:00,34.296284
10-Apr-2016 22:30:00,32.482705
10-Apr-2016 22:45:00,32.343422
10-Apr-2016 23:00:00,32.719838
10-Apr-2016 23:15:00,43.914400
10-Apr-2016 23:30:00,31.501094
10-Apr-2016 23:45:00,34.126317
11-Apr-2016 00:00:00,32.815700
11-Apr-2016 00:45:00,32.606069
11-Apr-2016 01:00:00,34.076914
11-Apr-2016 01:15:00,33.131189
11-Apr-2016 01:30:00,33.208747
11-Apr-2016 01:45:00,42.997239
11-Apr-2016 02:00:00,31.573547
11-Apr-2016 02:15:00,33.490358
11-Apr-2016 02:30:00,32.272841
11-Apr-2016 02:45:00,31.183502
11-Apr-2016 03:00:00,46.378704
11-Apr-2016 03:15:00,32.547584
11-Apr-2016 03:30:00,33.797477
11-Apr-2016 03:45:00,32.943909
11-Apr-2016 04:00:00,32.784672
11-Apr-2016 04:15:00,43.858987
11-Apr-2016 04:30:00,33.158537
11-Apr-2016 04:45:00,33.749077
11-Apr-2016 05:00:00,32.509940
11-Apr-2016 05:15:00,33.399386
11-Apr-2016 05:30:00,44.720323
11-Apr-2016 05:45:00,31.018913
11-Apr-2016 06:00:00,32.400505
11-Apr-2016 06:15:00,31.828563
11-Apr-2016 06:30:00,32.304813
11-Apr-2016 08:00:00,55.858946
11-Apr-2016 08:15:00,53.158098
11-Apr-2016 08:30:00,63.563083
11-Apr-2016 08:45:00,81.948569
11-Apr-2016 09:00:00,98.752016
11-Apr-2016 09:15:00,135.831954
11-Apr-2016 09:30:00,131.561077
11-Apr-2016 09:45:00,139.976633
11-Apr-2016 10:00:00,148.094547
11-Apr-2016 10:15:00,162.023410
11-Apr-2016 10:30:00,173.011327
11-Apr-2016 10:45:00,164.268391
11-Apr-2016 11:00:00,171.788773
11-Apr-2016 11:15:00,172.968109
11-Apr-2016 11:45:00,193.046497
11-Apr-2016 12:15:00,176.715550
11-Apr-2016 12:30:00,200.778969
11-Apr-2016 12:45:00,201.453881
11-Apr-2016 13:00:00,221.212095
11-Apr-2016 13:15:00,202.891201
11-Apr-2016 13:30:00,173.307947
11-Apr-2016 13:45:00,173.194529
11-Apr-2016 14:00:00,175.181645
11-Apr-2016 14:15:00,170.111008
11-Apr-2016 14:30:00,180.567554
11-Apr-2016 15:15:00,153.063180
11-Apr-2016 15:45:00,167.486799
11-Apr-2016 16:00:00,174.333175
11-Apr-2016 16:15:00,158.775513
11-Apr-2016 16:30:00,141.848216
11-Apr-2016 16:45:00,135.467006
11-Apr-2016 17:00:00,119.250373
11-Apr-2016 17:15:00,102.946247
11-Apr-2016 17:30:00,92.495324
11-Apr-2016 17:45:00,86.520361
11-Apr-2016 18:00:00,77.254290
11-Apr-2016 18:15:00,74.516634
11-Apr-2016 19:00:00,75.980070
11-Apr-2016 19:15:00,58.209899
11-Apr-2016 19:30:00,54.056581
11-Apr-2016 19:45:00,50.709071
11-Apr-2016 20:00:00,45.104683
11-Apr-2016 20:15:00,46.299055
11-Apr-2016 20:30:00,45.245761
11-Apr-2016 20:45:00,48.470957
11-Apr-2016 21:00:00,44.595581
11-Apr-2016 21:15:00,40.992417
11-Apr-2016 21:30:00,41.814248
11-Apr-2016 21:45:00,42.767623
11-Apr-2016 22:00:00,46.287908
11-Apr-2016 22:15:00,33.607790
11-Apr-2016 22:30:00,35.205403
11-Apr-2016 22:45:00,33.733652
11-Apr-2016 23:00:00,34.566434
11-Apr-2016 23:15:00,42.973640
11-Apr-2016 23:30:00,35.576756
11-Apr-2016 23:45:00,32.478269
12-Apr-2016 00:00:00,33.855099
